Workbook

Sheet Dashboard
A1: 📊 DASHBOARD — SINCRONISMO GENERACIÓN SANTA ROSA | CENIT
A2: Supervisor: Ing. Edwin Grisales | Contratista: Confipetrol | Profesional: Ing. Natalia Isabel Chacón Serna
A4: % PLAN HOY | B4: % REAL ACUM. | C4: VARIACIÓN | D4: DÍAS CON DATOS | E4: SEMANA ACTUAL | F4: ESTADO
A5: =Curva_S_Diaria!C54 | B5: =Curva_S_Diaria!D54 | C5: =Curva_S_Diaria!E54 | D5: =COUNTIF(Curva_S_Diaria!D4:D54,">0") | E5: =Curva_S_Semanal!A8 | F5: =IF(Curva_S_Diaria!E54>0.005,"✅ ADELANTADO",IF(Curva_S_Diaria!E54<-0.005,"⚠️ ATRASO","✅ EN META"))
A7: 📈 CURVA S — VISTA GENERAL (Ver hoja Curva_S_Diaria para gráfico completo)

Sheet Datos_Diarios
A1: 📋 DATOS DIARIOS — INGRESE % REAL (columna G, fondo amarillo)
A2: Jornada: 12h – 1.5h almuerzo = 10.5h efectivas/día
A3: # | B3: Fecha | C3: Día | D3: Sem. | E3: % Plan Diario | F3: % Plan Acum. | G3: ✏️ % Real Ingresado | H3: % Real Acum. | I3: Variación | J3: Estado | K3: Observaciones
A4: 1 | B4: 46119 | C4: Martes | D4: 1 | E4: 0 | F4: 0 | G4: 0 | H4: =SUM($G$4:G4) | I4: =H4-F4 | J4: =IF(G4=0,"⬜ Sin dato",IF(H4>=F4,"✅ Cumplido","⚠️ Atraso"))
A5: 2 | B5: 46120 | C5: Miércoles | D5: 1 | E5: 0.025641026 | F5: 0.025641026 | G5: 0 | H5: =SUM($G$4:G5) | I5: =H5-F5 | J5: =IF(G5=0,"⬜ Sin dato",IF(H5>=F5,"✅ Cumplido","⚠️ Atraso"))
A6: 3 | B6: 46121 | C6: Jueves | D6: 1 | E6: 0.025641026 | F6: 0.051282051 | G6: 0 | H6: =SUM($G$4:G6) | I6: =H6-F6 | J6: =IF(G6=0,"⬜ Sin dato",IF(H6>=F6,"✅ Cumplido","⚠️ Atraso"))
A7: 4 | B7: 46122 | C7: Viernes | D7: 1 | E7: 0 | F7: 0.051282051 | G7: 0 | H7: =SUM($G$4:G7) | I7: =H7-F7 | J7: =IF(G7=0,"⬜ Sin dato",IF(H7>=F7,"✅ Cumplido","⚠️ Atraso"))
A8: 5 | B8: 46123 | C8: Sábado | D8: 1 | E8: 0 | F8: 0.051282051 | G8: 0 | H8: =SUM($G$4:G8) | I8: =H8-F8 | J8: =IF(G8=0,"⬜ Sin dato",IF(H8>=F8,"✅ Cumplido","⚠️ Atraso"))
A9: 6 | B9: 46124 | C9: Domingo | D9: 1 | E9: 0 | F9: 0.051282051 | G9: 0 | H9: =SUM($G$4:G9) | I9: =H9-F9 | J9: =IF(G9=0,"⬜ Sin dato",IF(H9>=F9,"✅ Cumplido","⚠️ Atraso"))
A10: 7 | B10: 46125 | C10: Lunes | D10: 2 | E10: 0.025641026 | F10: 0.076923077 | G10: 0 | H10: =SUM($G$4:G10) | I10: =H10-F10 | J10: =IF(G10=0,"⬜ Sin dato",IF(H10>=F10,"✅ Cumplido","⚠️ Atraso"))
A11: 8 | B11: 46126 | C11: Martes | D11: 2 | E11: 0.012820513 | F11: 0.08974359 | G11: 0 | H11: =SUM($G$4:G11) | I11: =H11-F11 | J11: =IF(G11=0,"⬜ Sin dato",IF(H11>=F11,"✅ Cumplido","⚠️ Atraso"))
A12: 9 | B12: 46127 | C12: Miércoles | D12: 2 | E12: 0 | F12: 0.08974359 | G12: 0 | H12: =SUM($G$4:G12) | I12: =H12-F12 | J12: =IF(G12=0,"⬜ Sin dato",IF(H12>=F12,"✅ Cumplido","⚠️ Atraso"))
A13: 10 | B13: 46128 | C13: Jueves | D13: 2 | E13: 0.025641026 | F13: 0.11538462 | G13: 0 | H13: =SUM($G$4:G13) | I13: =H13-F13 | J13: =IF(G13=0,"⬜ Sin dato",IF(H13>=F13,"✅ Cumplido","⚠️ Atraso"))
A14: 11 | B14: 46129 | C14: Viernes | D14: 2 | E14: 0 | F14: 0.11538462 | G14: 0 | H14: =SUM($G$4:G14) | I14: =H14-F14 | J14: =IF(G14=0,"⬜ Sin dato",IF(H14>=F14,"✅ Cumplido","⚠️ Atraso"))
A15: 12 | B15: 46130 | C15: Sábado | D15: 2 | E15: 0 | F15: 0.11538462 | G15: 0 | H15: =SUM($G$4:G15) | I15: =H15-F15 | J15: =IF(G15=0,"⬜ Sin dato",IF(H15>=F15,"✅ Cumplido","⚠️ Atraso"))
... A54: 51 | B54: 46169 | C54: Miércoles | D54: 8 | E54: 0.012820513 | F54: 1 | G54: 0 | H54: =SUM($G$4:G54) | I54: =H54-F54 | J54: =IF(G54=0,"⬜ Sin dato",IF(H54>=F54,"✅ Cumplido","⚠️ Atraso"))
A55: TOTAL | H55: =SUM(G4:G54)

Sheet Curva_S_Diaria
A1: 📈 CURVA S DIARIA — AVANCE ACUMULADO | SINCRONISMO GENERACIÓN SANTA ROSA
A2: Plan vs Real acumulado por día. Alimentado desde 'Datos_Diarios'.
A3: # | B3: Fecha | C3: % Plan Acum. | D3: % Real Acum. | E3: Variación | F3: Estado
A4: 1 | B4: =Datos_Diarios!B4 | C4: =Datos_Diarios!F4 | D4: =Datos_Diarios!H4 | E4: =Datos_Diarios!I4 | F4: =Datos_Diarios!J4
A5: 2 | B5: =Datos_Diarios!B5 | C5: =Datos_Diarios!F5 | D5: =Datos_Diarios!H5 | E5: =Datos_Diarios!I5 | F5: =Datos_Diarios!J5
A6: 3 | B6: =Datos_Diarios!B6 | C6: =Datos_Diarios!F6 | D6: =Datos_Diarios!H6 | E6: =Datos_Diarios!I6 | F6: =Datos_Diarios!J6
A7: 4 | B7: =Datos_Diarios!B7 | C7: =Datos_Diarios!F7 | D7: =Datos_Diarios!H7 | E7: =Datos_Diarios!I7 | F7: =Datos_Diarios!J7
A8: 5 | B8: =Datos_Diarios!B8 | C8: =Datos_Diarios!F8 | D8: =Datos_Diarios!H8 | E8: =Datos_Diarios!I8 | F8: =Datos_Diarios!J8
A9: 6 | B9: =Datos_Diarios!B9 | C9: =Datos_Diarios!F9 | D9: =Datos_Diarios!H9 | E9: =Datos_Diarios!I9 | F9: =Datos_Diarios!J9
A10: 7 | B10: =Datos_Diarios!B10 | C10: =Datos_Diarios!F10 | D10: =Datos_Diarios!H10 | E10: =Datos_Diarios!I10 | F10: =Datos_Diarios!J10
A11: 8 | B11: =Datos_Diarios!B11 | C11: =Datos_Diarios!F11 | D11: =Datos_Diarios!H11 | E11: =Datos_Diarios!I11 | F11: =Datos_Diarios!J11
A12: 9 | B12: =Datos_Diarios!B12 | C12: =Datos_Diarios!F12 | D12: =Datos_Diarios!H12 | E12: =Datos_Diarios!I12 | F12: =Datos_Diarios!J12
A13: 10 | B13: =Datos_Diarios!B13 | C13: =Datos_Diarios!F13 | D13: =Datos_Diarios!H13 | E13: =Datos_Diarios!I13 | F13: =Datos_Diarios!J13
A14: 11 | B14: =Datos_Diarios!B14 | C14: =Datos_Diarios!F14 | D14: =Datos_Diarios!H14 | E14: =Datos_Diarios!I14 | F14: =Datos_Diarios!J14
A15: 12 | B15: =Datos_Diarios!B15 | C15: =Datos_Diarios!F15 | D15: =Datos_Diarios!H15 | E15: =Datos_Diarios!I15 | F15: =Datos_Diarios!J15
... A54: 51 | B54: =Datos_Diarios!B54 | C54: =Datos_Diarios!F54 | D54: =Datos_Diarios!H54 | E54: =Datos_Diarios!I54 | F54: =Datos_Diarios!J54

Sheet Curva_S_Semanal
A1: 📅 CURVA S SEMANAL — AVANCE ACUMULADO | SINCRONISMO GENERACIÓN SANTA ROSA
A2: Semanas de Lunes a Domingo desde inicio del proyecto. Alimentado desde 'Datos_Diarios'.
A3: Semana | B3: Inicio Semana | C3: Cierre Semana | D3: Días | E3: % Plan Acum. | F3: % Real Acum. | G3: Variación | H3: Estado | I3: Resumen Semanal
A4: Semana 1 | B4: 46119 | C4: 46124 | D4: 6 | E4: =Datos_Diarios!F9 | F4: =Datos_Diarios!H9 | G4: =F4-E4 | H4: =IF(F4=0,"⬜ Sin datos",IF(F4>=E4,"✅ En meta","⚠️ Bajo plan"))
A5: Semana 2 | B5: 46125 | C5: 46131 | D5: 7 | E5: =Datos_Diarios!F16 | F5: =Datos_Diarios!H16 | G5: =F5-E5 | H5: =IF(F5=0,"⬜ Sin datos",IF(F5>=E5,"✅ En meta","⚠️ Bajo plan"))
A6: Semana 3 | B6: 46132 | C6: 46138 | D6: 7 | E6: =Datos_Diarios!F23 | F6: =Datos_Diarios!H23 | G6: =F6-E6 | H6: =IF(F6=0,"⬜ Sin datos",IF(F6>=E6,"✅ En meta","⚠️ Bajo plan"))
A7: Semana 4 | B7: 46139 | C7: 46145 | D7: 7 | E7: =Datos_Diarios!F30 | F7: =Datos_Diarios!H30 | G7: =F7-E7 | H7: =IF(F7=0,"⬜ Sin datos",IF(F7>=E7,"✅ En meta","⚠️ Bajo plan"))
A8: Semana 5 | B8: 46146 | C8: 46152 | D8: 7 | E8: =Datos_Diarios!F37 | F8: =Datos_Diarios!H37 | G8: =F8-E8 | H8: =IF(F8=0,"⬜ Sin datos",IF(F8>=E8,"✅ En meta","⚠️ Bajo plan"))
A9: Semana 6 | B9: 46153 | C9: 46159 | D9: 7 | E9: =Datos_Diarios!F44 | F9: =Datos_Diarios!H44 | G9: =F9-E9 | H9: =IF(F9=0,"⬜ Sin datos",IF(F9>=E9,"✅ En meta","⚠️ Bajo plan"))
A10: Semana 7 | B10: 46160 | C10: 46166 | D10: 7 | E10: =Datos_Diarios!F51 | F10: =Datos_Diarios!H51 | G10: =F10-E10 | H10: =IF(F10=0,"⬜ Sin datos",IF(F10>=E10,"✅ En meta","⚠️ Bajo plan"))
A11: Semana 8 | B11: 46167 | C11: 46169 | D11: 3 | E11: =Datos_Diarios!F54 | F11: =Datos_Diarios!H54 | G11: =F11-E11 | H11: =IF(F11=0,"⬜ Sin datos",IF(F11>=E11,"✅ En meta","⚠️ Bajo plan"))

Sheet PDT
A1: 📋 PDT — PLAN DE TRABAJO | SINCRONISMO GENERACIÓN ESTACIÓN SANTA ROSA | CENIT
A2: Supervisor: Ing. Edwin Grisales | Contratista: Confipetrol | Profesional: Ing. Natalia Isabel Chacón Serna | Jornada: 12h – 1.5h = 10.5h/día
A3: ID | B3: Niv. | C3: Actividad / EDT | D3: Dur. (horas) | E3: Inicio Plan | F3: Fin Plan | G3: % Plan Indiv. | H3: % Plan Acum. | I3: % Real Ejec. | J3: Estado
A4: 1 | B4: 1 | C4: PROYECTO | D4: 420 | E4: 46119 | F4: 46169
A5: 2 | B5: 2 | C5: Inicio (Hito) | D5: Hito | E5: 46119 | F5: 46119
A6: 3 | B6: 2 | C6: FASE DE ADQUISICIÓN Y PROCURA | D6: 105 | E6: 46119 | F6: 46132
A7: 4 | B7: 3 | C7: Liberación de OM (CLIENTE) | D7: 21 | E7: 46120 | F7: 46121 | G7: 0.025641026 | H7: 0.051282051 | I7: 0 | J7: =IF(I7=0,"⬜ Sin iniciar",IF(I7>=H7,"✅ Cumplido",IF(I7>0,"⚠️ En progreso","")))
A8: 5 | B8: 3 | C8: Adquisición y contratación | D8: 84 | E8: 46119 | F8: 46128
A9: 6 | B9: 4 | C9: Elaboración de RQ (bienes, servicios o materiales) | D9: 21 | E9: 46119 | F9: 46120 | G9: 0.025641026 | H9: 0.025641026 | I9: 0 | J9: =IF(I9=0,"⬜ Sin iniciar",IF(I9>=H9,"✅ Cumplido",IF(I9>0,"⚠️ En progreso","")))
A10: 7 | B10: 4 | C10: Generación de Solped | D10: 21 | E10: 46122 | F10: 46125 | G10: 0.025641026 | H10: 0.076923077 | I10: 0 | J10: =IF(I10=0,"⬜ Sin iniciar",IF(I10>=H10,"✅ Cumplido",IF(I10>0,"⚠️ En progreso","")))
A11: 8 | B11: 4 | C11: Proceso de selección | D11: 10.5 | E11: 46126 | F11: 46126 | G11: 0.012820513 | H11: 0.08974359 | I11: 0 | J11: =IF(I11=0,"⬜ Sin iniciar",IF(I11>=H11,"✅ Cumplido",IF(I11>0,"⚠️ En progreso","")))
A12: 9 | B12: 4 | C12: Generación ODC | D12: 21 | E12: 46127 | F12: 46128 | G12: 0.025641026 | H12: 0.11538462 | I12: 0 | J12: =IF(I12=0,"⬜ Sin iniciar",IF(I12>=H12,"✅ Cumplido",IF(I12>0,"⚠️ En progreso","")))
A13: 10 | B13: 3 | C13: Entrega de pólizas | D13: 21 | E13: 46129 | F13: 46132 | G13: 0.025641026 | H13: 0.14102564 | I13: 0 | J13: =IF(I13=0,"⬜ Sin iniciar",IF(I13>=H13,"✅ Cumplido",IF(I13>0,"⚠️ En progreso","")))
A14: 11 | B14: 2 | C14: FASE DOCUMENTACIÓN | D14: 115.5 | E14: 46133 | F14: 46146
A15: 12 | B15: 3 | C15: Entrega de requisitos HSE para ingreso a estaciones | D15: 31.5 | E15: 46133 | F15: 46135 | G15: 0.038461538 | H15: 0.17948718 | I15: 0 | J15: =IF(I15=0,"⬜ Sin iniciar",IF(I15>=H15,"✅ Cumplido",IF(I15>0,"⚠️ En progreso","")))
A16: 13 | B16: 3 | C16: Elaboración de procedimientos de trabajo | D16: 21 | E16: 46136 | F16: 46139 | G16: 0.025641026 | H16: 0.20512821 | I16: 0 | J16: =IF(I16=0,"⬜ Sin iniciar",IF(I16>=H16,"✅ Cumplido",IF(I16>0,"⚠️ En progreso","")))
A17: 14 | B17: 3 | C17: Cargue de recursos en ADAN N-3 | D17: 21 | E17: 46140 | F17: 46141 | G17: 0.025641026 | H17: 0.23076923 | I17: 0 | J17: =IF(I17=0,"⬜ Sin iniciar",IF(I17>=H17,"✅ Cumplido",IF(I17>0,"⚠️ En progreso","")))
A18: 15 | B18: 3 | C18: Validación EVA N-1 | D18: 10.5 | E18: 46146 | F18: 46146 | G18: 0.012820513 | H18: 0.24358974 | I18: 0 | J18: =IF(I18=0,"⬜ Sin iniciar",IF(I18>=H18,"✅ Cumplido",IF(I18>0,"⚠️ En progreso","")))
A19: 16 | B19: 2 | C19: FASE DE EJECUCIÓN | D19: 199.5 | E19: 46143 | F19: 46164
A20: 17 | B20: 3 | C20: Traslado de materiales | D20: 21 | E20: 46145 | F20: 46146 | G20: 0.025641026 | H20: 0.26923077 | I20: 0 | J20: =IF(I20=0,"⬜ Sin iniciar",IF(I20>=H20,"✅ Cumplido",IF(I20>0,"⚠️ En progreso","")))
A21: 18 | B21: 3 | C21: Posicionamiento de generador de respaldo | D21: 10.5 | E21: 46147 | F21: 46147 | G21: 0.012820513 | H21: 0.28205128 | I21: 0 | J21: =IF(I21=0,"⬜ Sin iniciar",IF(I21>=H21,"✅ Cumplido",IF(I21>0,"⚠️ En progreso","")))
A22: 19 | B22: 3 | C22: Conexionado de generador de respaldo | D22: 21 | E22: 46148 | F22: 46149 | G22: 0.025641026 | H22: 0.38461538 | I22: 0 | J22: =IF(I22=0,"⬜ Sin iniciar",IF(I22>=H22,"✅ Cumplido",IF(I22>0,"⚠️ En progreso","")))
A23: 20 | B23: 3 | C23: Pruebas funcionales a generador de respaldo | D23: 10.5 | E23: 46150 | F23: 46150 | G23: 0.012820513 | H23: 0.43589744 | I23: 0 | J23: =IF(I23=0,"⬜ Sin iniciar",IF(I23>=H23,"✅ Cumplido",IF(I23>0,"⚠️ En progreso","")))
A24: 21 | B24: 3 | C24: Posicionamiento de generador CAT | D24: 10.5 | E24: 46147 | F24: 46147 | G24: 0.012820513 | H24: 0.29487179 | I24: 0 | J24: =IF(I24=0,"⬜ Sin iniciar",IF(I24>=H24,"✅ Cumplido",IF(I24>0,"⚠️ En progreso","")))
A25: 22 | B25: 3 | C25: Conexionado de generador CAT | D25: 21 | E25: 46148 | F25: 46149 | G25: 0.025641026 | H25: 0.41025641 | I25: 0 | J25: =IF(I25=0,"⬜ Sin iniciar",IF(I25>=H25,"✅ Cumplido",IF(I25>0,"⚠️ En progreso","")))
A26: 23 | B26: 3 | C26: Fabricación de soportes de transformador | D26: 52.5 | E26: 46143 | F26: 46148 | G26: 0.064102564 | H26: 0.35897436 | I26: 0 | J26: =IF(I26=0,"⬜ Sin iniciar",IF(I26>=H26,"✅ Cumplido",IF(I26>0,"⚠️ En progreso","")))
A27: 24 | B27: 3 | C27: Posicionamiento de transformador | D27: 10.5 | E27: 46149 | F27: 46149 | G27: 0.012820513 | H27: 0.42307692 | I27: 0 | J27: =IF(I27=0,"⬜ Sin iniciar",IF(I27>=H27,"✅ Cumplido",IF(I27>0,"⚠️ En progreso","")))
A28: 25 | B28: 3 | C28: Tendido de cable de potencia | D28: 63 | E28: 46149 | F28: 46152 | G28: 0.076923077 | H28: 0.55128205 | I28: 0 | J28: =IF(I28=0,"⬜ Sin iniciar",IF(I28>=H28,"✅ Cumplido",IF(I28>0,"⚠️ En progreso","")))
A29: 26 | B29: 3 | C29: Llegada de materiales PAC | D29: 10.5 | E29: 46150 | F29: 46150 | G29: 0.012820513 | H29: 0.44871795 | I29: 0 | J29: =IF(I29=0,"⬜ Sin iniciar",IF(I29>=H29,"✅ Cumplido",IF(I29>0,"⚠️ En progreso","")))
A30: 27 | B30: 3 | C30: Cableado de control (4x16 2x16) | D30: 21 | E30: 46151 | F30: 46152 | G30: 0.025641026 | H30: 0.57692308 | I30: 0 | J30: =IF(I30=0,"⬜ Sin iniciar",IF(I30>=H30,"✅ Cumplido",IF(I30>0,"⚠️ En progreso","")))
A31: 28 | B31: 3 | C31: Pruebas de arranque del generador 1M | D31: 10.5 | E31: 46150 | F31: 46150 | G31: 0.012820513 | H31: 0.46153846 | I31: 0 | J31: =IF(I31=0,"⬜ Sin iniciar",IF(I31>=H31,"✅ Cumplido",IF(I31>0,"⚠️ En progreso","")))
... A50: 47 | B50: 3 | C50: Pruebas con carga a generador Cummins | D50: 10.5 | E50: 46164 | F50: 46164 | G50: 0.012820513 | H50: 0.87179487 | I50: 0 | J50: =IF(I50=0,"⬜ Sin iniciar",IF(I50>=H50,"✅ Cumplido",IF(I50>0,"⚠️ En progreso","")))
A51: 48 | B51: 2 | C51: FASE DE CIERRE | D51: 105 | E51: 46156 | F51: 46169
A52: 49 | B52: 3 | C52: Elaboración de informe | D52: 84 | E52: 46156 | F52: 46167 | G52: 0.1025641 | H52: 0.97435897 | I52: 0 | J52: =IF(I52=0,"⬜ Sin iniciar",IF(I52>=H52,"✅ Cumplido",IF(I52>0,"⚠️ En progreso","")))
A53: 50 | B53: 3 | C53: Generación ruta horus | D53: 10.5 | E53: 46168 | F53: 46168 | G53: 0.012820513 | H53: 0.98717949 | I53: 0 | J53: =IF(I53=0,"⬜ Sin iniciar",IF(I53>=H53,"✅ Cumplido",IF(I53>0,"⚠️ En progreso","")))
A54: 51 | B54: 3 | C54: Firma acta de actividades (Cliente) | D54: 10.5 | E54: 46169 | F54: 46169 | G54: 0.012820513 | H54: 1 | I54: 0 | J54: =IF(I54=0,"⬜ Sin iniciar",IF(I54>=H54,"✅ Cumplido",IF(I54>0,"⚠️ En progreso","")))
A55: 52 | B55: 2 | C55: Fin (Hito) | D55: Hito | E55: 46169 | F55: 46169
